M001,John Doe,Conference Room A,2025-08-01,10:00 AM
M002,Jane Smith,Conference Room B,2025-08-03,2:00 PM
M003,Jack Ipon,Conference Room C,2025-09-10,08:00 AM
M004,Ava Thomas,Conference Room F,2025-05-01,07:30 AM
M005,Lucas Lee,Conference Room B,2025-08-03,3:00 PM
M006,Sophia Wilson,Conference Room A,2025-03-18,04:00 AM
M007,Alexander,Conference Room C,2025-07-01,06:00 PM
M008,Totti,Conference Room D,2026-01-01,07:00 AM
M009,Max,Conference Room F,2027-02-02,2:00 PM
M010,Jackey,Conference Room A,2025-11-03,8:00 PM
M011,Juckku,Conference Room F,2025-10-31,09:00 AM
M012,Jesty,Conference Room C,2025-06-30,01:00 AM
M013,Wed,Conference Room D,2027-01-31,12:00 AM
M014,Emily Johnson,Conference Room A,2027-01-31,11:00 AM
M015,Benjamin Davis,Conference Room B,2025-02-15,4:00 PM
